<Module>
	<ModulePrefs title="My Google Hangout">
		<Require feature="rpc"/>
		<Require feature="views"/>
		<Require feature="locked-domain"/>
	</ModulePrefs>
	<Content type="html">
		<![CDATA[   
		<html>
			<body> 
				<script src="//plus.google.com/hangouts/_/api/v1/hangout.js"></script>
				<iframe src="https://www.mywebsite.com/hangoutcontent.html" style="width:100%; height:100%;"> 	
	    	</body>
<script type="text/javascript">var _gaq = _gaq || [];_gaq.push(['_setAccount', 'XX-XXXXXXXX-X']);_gaq.push(['_trackPageview']);(function() {var ga = document.createElement('script'); ga.type = 'text/javascript'; ga.async = true; ga.src = ('https:' == document.location.protocol ? 'https://ssl' : 'http://www') + '.google-analytics.com/ga.js';var s = document.getElementsByTagName('script')[0]; s.parentNode.insertBefore(ga, s);})();</script>
	   </html>
		]]>

	</Content>
</Module>